ID,class_ID,class_name,season_IMG,season_big_IMG,card_IMG
100,ICONTM,ICON The Moment,https://ssl.nexon.com/s2/game/fc/online/obt/externalAssets/new/season/icontm.png,https://ssl.nexon.com/s2/game/fc/online/obt/externalAssets/new/season/icontm_big.png,https://ssl.nexon.com/s2/game/fc/online/obt/externalAssets/new/card/icontm.png
110,ICONTM_B,ICON The Moment Bound,https://ssl.nexon.com/s2/game/fc/online/obt/externalAssets/new/season/icontm_b.png,https://ssl.nexon.com/s2/game/fc/online/obt/externalAssets/new/season/icontm_b_big.png,https://ssl.nexon.com/s2/game/fc/online/obt/externalAssets/new/card/icontm_b.png
101,ICON,ICON,https://ssl.nexon.com/s2/game/fc/online/obt/externalAssets/new/season/icon.png,https://ssl.nexon.com/s2/game/fc/online/obt/externalAssets/new/season/icon_big.png,https://ssl.nexon.com/s2/game/fc/online/obt/externalAssets/new/card/icon.png
113,25IM_SP,25 ICONS MATCH - Show & Prove,https://ssl.nexon.com/s2/game/fc/online/obt/externalAssets/new/season/25im_sp.png,https://ssl.nexon.com/s2/game/fc/online/obt/externalAssets/new/season/25im_sp_big.png,https://ssl.nexon.com/s2/game/fc/online/obt/externalAssets/new/card/25im_sp.png
114,25IM_FB,25 ICONS MATCH - Fan Boost,https://ssl.nexon.com/s2/game/fc/online/obt/externalAssets/new/season/25im_fb.png,https://ssl.nexon.com/s2/game/fc/online/obt/externalAssets/new/season/25im_fb_big.png,https://ssl.nexon.com/s2/game/fc/online/obt/externalAssets/new/card/25im_fb.png
111,ICON_M,ICONS MATCH,https://ssl.nexon.com/s2/game/fc/online/obt/externalAssets/new/season/filter/icon_m.png,https://ssl.nexon.com/s2/game/fc/online/obt/externalAssets/new/season/icon_m_big.png,https://ssl.nexon.com/s2/game/fc/online/obt/externalAssets/new/card/filter/icon_m.png
852,FAC,Football Association Champions,https://ssl.nexon.com/s2/game/fc/online/obt/externalAssets/new/season/fac.png,https://ssl.nexon.com/s2/game/fc/online/obt/externalAssets/new/season/fac_big.png,https://ssl.nexon.com/s2/game/fc/online/obt/externalAssets/new/card/fac.png
851,25DP,25 Devoted Player,https://ssl.nexon.com/s2/game/fc/online/obt/externalAssets/new/season/25dp.png,https://ssl.nexon.com/s2/game/fc/online/obt/externalAssets/new/season/25dp_big.png,https://ssl.nexon.com/s2/game/fc/online/obt/externalAssets/new/card/25dp.png
848,WS,Winning Streak,https://ssl.nexon.com/s2/game/fc/online/obt/externalAssets/new/season/ws.png,https://ssl.nexon.com/s2/game/fc/online/obt/externalAssets/new/season/ws_big.png,https://ssl.nexon.com/s2/game/fc/online/obt/externalAssets/new/card/ws.png
850,25FSL,25 FCO Superchampions League,https://ssl.nexon.com/s2/game/fc/online/obt/externalAssets/new/season/25fsl.png,https://ssl.nexon.com/s2/game/fc/online/obt/externalAssets/new/season/25fsl_big.png,https://ssl.nexon.com/s2/game/fc/online/obt/externalAssets/new/card/25fsl.png
846,DCB,Dramatic Comebacks,https://ssl.nexon.com/s2/game/fc/online/obt/externalAssets/new/season/dcb.png,https://ssl.nexon.com/s2/game/fc/online/obt/externalAssets/new/season/dcb_big.png,https://ssl.nexon.com/s2/game/fc/online/obt/externalAssets/new/card/dcb.png
845,CH,Continental Heroes,https://ssl.nexon.com/s2/game/fc/online/obt/externalAssets/new/season/ch.png,https://ssl.nexon.com/s2/game/fc/online/obt/externalAssets/new/season/ch_big.png,https://ssl.nexon.com/s2/game/fc/online/obt/externalAssets/new/card/ch.png
849,HRT,Heroes Cartoon,https://ssl.nexon.com/s2/game/fc/online/obt/externalAssets/new/season/hrt.png,https://ssl.nexon.com/s2/game/fc/online/obt/externalAssets/new/season/hrt_big.png,https://ssl.nexon.com/s2/game/fc/online/obt/externalAssets/new/card/hrt.png
840,LE,Legend of Europa,https://ssl.nexon.com/s2/game/fc/online/obt/externalAssets/new/season/le.png,https://ssl.nexon.com/s2/game/fc/online/obt/externalAssets/new/season/le_big.png,https://ssl.nexon.com/s2/game/fc/online/obt/externalAssets/new/card/le.png
839,NO7,NUMBER 7,https://ssl.nexon.com/s2/game/fc/online/obt/externalAssets/new/season/no7.png,https://ssl.nexon.com/s2/game/fc/online/obt/externalAssets/new/season/no7_big.png,https://ssl.nexon.com/s2/game/fc/online/obt/externalAssets/new/card/no7.png
836,WB,Wonderboys,https://ssl.nexon.com/s2/game/fc/online/obt/externalAssets/new/season/wb.png,https://ssl.nexon.com/s2/game/fc/online/obt/externalAssets/new/season/wb_big.png,https://ssl.nexon.com/s2/game/fc/online/obt/externalAssets/new/card/wb.png
829,GRU,Greatest Runner-Ups,https://ssl.nexon.com/s2/game/fc/online/obt/externalAssets/new/season/gru.png,https://ssl.nexon.com/s2/game/fc/online/obt/externalAssets/new/season/gru_big.png,https://ssl.nexon.com/s2/game/fc/online/obt/externalAssets/new/card/gru.png
828,BLD,Best Legends,https://ssl.nexon.com/s2/game/fc/online/obt/externalAssets/new/season/bld.png,https://ssl.nexon.com/s2/game/fc/online/obt/externalAssets/new/season/bld_big.png,https://ssl.nexon.com/s2/game/fc/online/obt/externalAssets/new/card/bld.png
827,BDO,Ballon d'Or,https://ssl.nexon.com/s2/game/fc/online/obt/externalAssets/new/season/bdo.png,https://ssl.nexon.com/s2/game/fc/online/obt/externalAssets/new/season/bdo_big.png,https://ssl.nexon.com/s2/game/fc/online/obt/externalAssets/new/card/bdo.png
826,24EP,2024 Energetic Player,https://ssl.nexon.com/s2/game/fc/online/obt/externalAssets/new/season/24ep.png,https://ssl.nexon.com/s2/game/fc/online/obt/externalAssets/new/season/24ep_big.png,https://ssl.nexon.com/s2/game/fc/online/obt/externalAssets/new/card/24ep.png
825,CU,Champions of Europe,https://ssl.nexon.com/s2/game/fc/online/obt/externalAssets/new/season/cu.png,https://ssl.nexon.com/s2/game/fc/online/obt/externalAssets/new/season/cu_big.png,https://ssl.nexon.com/s2/game/fc/online/obt/externalAssets/new/card/cu.png
821,MDL,Medalist,https://ssl.nexon.com/s2/game/fc/online/obt/externalAssets/new/season/mdl.png,https://ssl.nexon.com/s2/game/fc/online/obt/externalAssets/new/season/mdl_big.png,https://ssl.nexon.com/s2/game/fc/online/obt/externalAssets/new/card/mdl.png
815,EU24,UEFA EURO 2024,https://ssl.nexon.com/s2/game/fc/online/obt/externalAssets/new/season/eu24.png,https://ssl.nexon.com/s2/game/fc/online/obt/externalAssets/new/season/eu24_big.png,https://ssl.nexon.com/s2/game/fc/online/obt/externalAssets/new/card/eu24.png
818,LD,Last Dance,https://ssl.nexon.com/s2/game/fc/online/obt/externalAssets/new/season/ld.png,https://ssl.nexon.com/s2/game/fc/online/obt/externalAssets/new/season/ld_big.png,https://ssl.nexon.com/s2/game/fc/online/obt/externalAssets/new/card/ld.png
814,UT,Unexpected Transfer,https://ssl.nexon.com/s2/game/fc/online/obt/externalAssets/new/season/ut.png,https://ssl.nexon.com/s2/game/fc/online/obt/externalAssets/new/season/ut_big.png,https://ssl.nexon.com/s2/game/fc/online/obt/externalAssets/new/card/ut.png
813,JNM,Journeyman,https://ssl.nexon.com/s2/game/fc/online/obt/externalAssets/new/season/jnm.png,https://ssl.nexon.com/s2/game/fc/online/obt/externalAssets/new/season/jnm_big.png,https://ssl.nexon.com/s2/game/fc/online/obt/externalAssets/new/card/jnm.png
802,DC,Decade,https://ssl.nexon.com/s2/game/fc/online/obt/externalAssets/new/season/dc.png,https://ssl.nexon.com/s2/game/fc/online/obt/externalAssets/new/season/dc_big.png,https://ssl.nexon.com/s2/game/fc/online/obt/externalAssets/new/card/dc.png
801,JVA,Juventus Ambassador,https://ssl.nexon.com/s2/game/fc/online/obt/externalAssets/new/season/jva.png,https://ssl.nexon.com/s2/game/fc/online/obt/externalAssets/new/season/jva_big.png,https://ssl.nexon.com/s2/game/fc/online/obt/externalAssets/new/card/jva.png
290,FCA,FCAmbassador,https://ssl.nexon.com/s2/game/fc/online/obt/externalAssets/new/season/fca.png,https://ssl.nexon.com/s2/game/fc/online/obt/externalAssets/new/season/fca_big.png,https://ssl.nexon.com/s2/game/fc/online/obt/externalAssets/new/card/fca.png
291,23HW,23 Hard Worker,https://ssl.nexon.com/s2/game/fc/online/obt/externalAssets/new/season/23hw.png,https://ssl.nexon.com/s2/game/fc/online/obt/externalAssets/new/season/23hw_big.png,https://ssl.nexon.com/s2/game/fc/online/obt/externalAssets/new/card/23hw.png
289,CC,CenturyClub,https://ssl.nexon.com/s2/game/fc/online/obt/externalAssets/new/season/cc.png,https://ssl.nexon.com/s2/game/fc/online/obt/externalAssets/new/season/cc_big.png,https://ssl.nexon.com/s2/game/fc/online/obt/externalAssets/new/card/cc.png
283,HG,Home Grown,https://ssl.nexon.com/s2/game/fc/online/obt/externalAssets/new/season/hg.png,https://ssl.nexon.com/s2/game/fc/online/obt/externalAssets/new/season/hg_big.png,https://ssl.nexon.com/s2/game/fc/online/obt/externalAssets/new/card/hg.png
284,RTN,Returnees,https://ssl.nexon.com/s2/game/fc/online/obt/externalAssets/new/season/rtn.png,https://ssl.nexon.com/s2/game/fc/online/obt/externalAssets/new/season/rtn_big.png,https://ssl.nexon.com/s2/game/fc/online/obt/externalAssets/new/card/rtn.png
272,BWC,Best of World Cup,https://ssl.nexon.com/s2/game/fc/online/obt/externalAssets/new/season/bwc.png,https://ssl.nexon.com/s2/game/fc/online/obt/externalAssets/new/season/bwc_big.png,https://ssl.nexon.com/s2/game/fc/online/obt/externalAssets/new/card/bwc.png
273,WC22,World Cup 2022,https://ssl.nexon.com/s2/game/fc/online/obt/externalAssets/new/season/wc22.png,https://ssl.nexon.com/s2/game/fc/online/obt/externalAssets/new/season/wc22_big.png,https://ssl.nexon.com/s2/game/fc/online/obt/externalAssets/new/card/wc22.png
274,RMCF,Real Madrid Ambassador,https://ssl.nexon.com/s2/game/fc/online/obt/externalAssets/new/season/rmcf.png,https://ssl.nexon.com/s2/game/fc/online/obt/externalAssets/new/season/rmcf_big.png,https://ssl.nexon.com/s2/game/fc/online/obt/externalAssets/new/card/rmcf.png
270,SPL,Spotlight,https://ssl.nexon.com/s2/game/fc/online/obt/externalAssets/new/season/spl.png,https://ssl.nexon.com/s2/game/fc/online/obt/externalAssets/new/season/spl_big.png,https://ssl.nexon.com/s2/game/fc/online/obt/externalAssets/new/card/spl.png
268,LN,LEGENDARY NUMBERS,https://ssl.nexon.com/s2/game/fc/online/obt/externalAssets/new/season/ln.png,https://ssl.nexon.com/s2/game/fc/online/obt/externalAssets/new/season/ln_big.png,https://ssl.nexon.com/s2/game/fc/online/obt/externalAssets/new/card/ln.png
265,LOL,LEGEND OF THE LOAN,https://ssl.nexon.com/s2/game/fc/online/obt/externalAssets/new/season/lol.png,https://ssl.nexon.com/s2/game/fc/online/obt/externalAssets/new/season/lol_big.png,https://ssl.nexon.com/s2/game/fc/online/obt/externalAssets/new/card/lol.png
264,FA,FREE AGENT,https://ssl.nexon.com/s2/game/fc/online/obt/externalAssets/new/season/fa.png,https://ssl.nexon.com/s2/game/fc/online/obt/externalAssets/new/season/fa_big.png,https://ssl.nexon.com/s2/game/fc/online/obt/externalAssets/new/card/fa.png
835,25HR,25 Heroes,https://ssl.nexon.com/s2/game/fc/online/obt/externalAssets/new/season/25hr.png,https://ssl.nexon.com/s2/game/fc/online/obt/externalAssets/new/season/25hr_big.png,https://ssl.nexon.com/s2/game/fc/online/obt/externalAssets/new/card/25hr.png
811,24HR,24 Heroes,https://ssl.nexon.com/s2/game/fc/online/obt/externalAssets/new/season/24hr.png,https://ssl.nexon.com/s2/game/fc/online/obt/externalAssets/new/season/24hr_big.png,https://ssl.nexon.com/s2/game/fc/online/obt/externalAssets/new/card/24hr.png
281,23HR,23 Heroes,https://ssl.nexon.com/s2/game/fc/online/obt/externalAssets/new/season/23hr.png,https://ssl.nexon.com/s2/game/fc/online/obt/externalAssets/new/season/23hr_big.png,https://ssl.nexon.com/s2/game/fc/online/obt/externalAssets/new/card/23hr.png
261,22HR,22 Heroes,https://ssl.nexon.com/s2/game/fc/online/obt/externalAssets/new/season/22hr.png,https://ssl.nexon.com/s2/game/fc/online/obt/externalAssets/new/season/22hr_big.png,https://ssl.nexon.com/s2/game/fc/online/obt/externalAssets/new/card/22hr.png
256,BTB,Back to Back,https://ssl.nexon.com/s2/game/fc/online/obt/externalAssets/new/season/btb.png,https://ssl.nexon.com/s2/game/fc/online/obt/externalAssets/new/season/btb_big.png,https://ssl.nexon.com/s2/game/fc/online/obt/externalAssets/new/card/btb.png
252,CAP,Captain,https://ssl.nexon.com/s2/game/fc/online/obt/externalAssets/new/season/cap.png,https://ssl.nexon.com/s2/game/fc/online/obt/externalAssets/new/season/cap_big.png,https://ssl.nexon.com/s2/game/fc/online/obt/externalAssets/new/card/cap.png
251,EBS,European Best Stars,https://ssl.nexon.com/s2/game/fc/online/obt/externalAssets/new/season/ebs.png,https://ssl.nexon.com/s2/game/fc/online/obt/externalAssets/new/season/ebs_big.png,https://ssl.nexon.com/s2/game/fc/online/obt/externalAssets/new/card/ebs.png
253,BOE21,Best of Europe 21,https://ssl.nexon.com/s2/game/fc/online/obt/externalAssets/new/season/boe21.png,https://ssl.nexon.com/s2/game/fc/online/obt/externalAssets/new/season/boe21_big.png,https://ssl.nexon.com/s2/game/fc/online/obt/externalAssets/new/card/boe21.png
249,NTG,Nostalgia,https://ssl.nexon.com/s2/game/fc/online/obt/externalAssets/new/season/ntg.png,https://ssl.nexon.com/s2/game/fc/online/obt/externalAssets/new/season/ntg_big.png,https://ssl.nexon.com/s2/game/fc/online/obt/externalAssets/new/card/ntg.png
246,UP,Unsung Players,https://ssl.nexon.com/s2/game/fc/online/obt/externalAssets/new/season/up.png,https://ssl.nexon.com/s2/game/fc/online/obt/externalAssets/new/season/up_big.png,https://ssl.nexon.com/s2/game/fc/online/obt/externalAssets/new/card/up.png
237,MC,Multi-League Champions,https://ssl.nexon.com/s2/game/fc/online/obt/externalAssets/new/season/mc.png,https://ssl.nexon.com/s2/game/fc/online/obt/externalAssets/new/season/mc_big.png,https://ssl.nexon.com/s2/game/fc/online/obt/externalAssets/new/card/mc.png
231,VTR,Veteran,https://ssl.nexon.com/s2/game/fc/online/obt/externalAssets/new/season/vtr.png,https://ssl.nexon.com/s2/game/fc/online/obt/externalAssets/new/season/vtr_big.png,https://ssl.nexon.com/s2/game/fc/online/obt/externalAssets/new/card/vtr.png
233,MOG,Moments Of Glory,https://ssl.nexon.com/s2/game/fc/online/obt/externalAssets/new/season/mog.png,https://ssl.nexon.com/s2/game/fc/online/obt/externalAssets/new/season/mog_big.png,https://ssl.nexon.com/s2/game/fc/online/obt/externalAssets/new/card/mog.png
254,CFA,Chelsea FC Ambassador,https://ssl.nexon.com/s2/game/fc/online/obt/externalAssets/new/season/cfa.png,https://ssl.nexon.com/s2/game/fc/online/obt/externalAssets/new/season/cfa_big.png,https://ssl.nexon.com/s2/game/fc/online/obt/externalAssets/new/card/cfa.png
236,LA,Liverpool Ambassador,https://ssl.nexon.com/s2/game/fc/online/obt/externalAssets/new/season/la.png,https://ssl.nexon.com/s2/game/fc/online/obt/externalAssets/new/season/la_big.png,https://ssl.nexon.com/s2/game/fc/online/obt/externalAssets/new/card/la.png
804,23NG,23 NEW GENERATION,https://ssl.nexon.com/s2/game/fc/online/obt/externalAssets/new/season/23ng.png,https://ssl.nexon.com/s2/game/fc/online/obt/externalAssets/new/season/23ng_big.png,https://ssl.nexon.com/s2/game/fc/online/obt/externalAssets/new/card/23ng.png
276,22NG,22 NEW GENERATION,https://ssl.nexon.com/s2/game/fc/online/obt/externalAssets/new/season/22ng.png,https://ssl.nexon.com/s2/game/fc/online/obt/externalAssets/new/season/22ng_big.png,https://ssl.nexon.com/s2/game/fc/online/obt/externalAssets/new/card/22ng.png
262,21NG,21 NEW GENERATION,https://ssl.nexon.com/s2/game/fc/online/obt/externalAssets/new/season/21ng.png,https://ssl.nexon.com/s2/game/fc/online/obt/externalAssets/new/season/21ng_big.png,https://ssl.nexon.com/s2/game/fc/online/obt/externalAssets/new/card/21ng.png
238,20NG,20 NEW GENERATION,https://ssl.nexon.com/s2/game/fc/online/obt/externalAssets/new/season/20ng.png,https://ssl.nexon.com/s2/game/fc/online/obt/externalAssets/new/season/20ng_big.png,https://ssl.nexon.com/s2/game/fc/online/obt/externalAssets/new/card/20ng.png
219,19NG,19 NEW GENERATION,https://ssl.nexon.com/s2/game/fc/online/obt/externalAssets/new/season/19ng.png,https://ssl.nexon.com/s2/game/fc/online/obt/externalAssets/new/season/19ng_big.png,https://ssl.nexon.com/s2/game/fc/online/obt/externalAssets/new/card/19ng.png
218,OTW,Ones To Watch,https://ssl.nexon.com/s2/game/fc/online/obt/externalAssets/new/season/otw.png,https://ssl.nexon.com/s2/game/fc/online/obt/externalAssets/new/season/otw_big.png,https://ssl.nexon.com/s2/game/fc/online/obt/externalAssets/new/card/otw.png
217,COC,Competitor Of Continents,https://ssl.nexon.com/s2/game/fc/online/obt/externalAssets/new/season/coc.png,https://ssl.nexon.com/s2/game/fc/online/obt/externalAssets/new/season/coc_big.png,https://ssl.nexon.com/s2/game/fc/online/obt/externalAssets/new/card/coc.png
216,HOT,Heroes Of the Team,https://ssl.nexon.com/s2/game/fc/online/obt/externalAssets/new/season/hot.png,https://ssl.nexon.com/s2/game/fc/online/obt/externalAssets/new/season/hot_big.png,https://ssl.nexon.com/s2/game/fc/online/obt/externalAssets/new/card/hot.png
214,TC,Tournament Champions,https://ssl.nexon.com/s2/game/fc/online/obt/externalAssets/new/season/tc.png,https://ssl.nexon.com/s2/game/fc/online/obt/externalAssets/new/season/tc_big.png,https://ssl.nexon.com/s2/game/fc/online/obt/externalAssets/new/card/tc.png
213,MCICON,Man City ICON,https://ssl.nexon.com/s2/game/fc/online/obt/externalAssets/new/season/mcicon.png,https://ssl.nexon.com/s2/game/fc/online/obt/externalAssets/new/season/mcicon_big.png,https://ssl.nexon.com/s2/game/fc/online/obt/externalAssets/new/card/mcicon.png
210,GR,Golden Rookies,https://ssl.nexon.com/s2/game/fc/online/obt/externalAssets/new/season/gr.png,https://ssl.nexon.com/s2/game/fc/online/obt/externalAssets/new/season/gr_big.png,https://ssl.nexon.com/s2/game/fc/online/obt/externalAssets/new/card/gr.png
207,TT,Top Transfer,https://ssl.nexon.com/s2/game/fc/online/obt/externalAssets/new/season/tt.png,https://ssl.nexon.com/s2/game/fc/online/obt/externalAssets/new/season/tt_big.png,https://ssl.nexon.com/s2/game/fc/online/obt/externalAssets/new/card/tt.png
206,TB,Tournament Best,https://ssl.nexon.com/s2/game/fc/online/obt/externalAssets/new/season/tb.png,https://ssl.nexon.com/s2/game/fc/online/obt/externalAssets/new/season/tb_big.png,https://ssl.nexon.com/s2/game/fc/online/obt/externalAssets/new/card/tb.png
202,TKI,Team Korea Icon,https://ssl.nexon.com/s2/game/fc/online/obt/externalAssets/new/season/tki.png,https://ssl.nexon.com/s2/game/fc/online/obt/externalAssets/new/season/tki_big.png,https://ssl.nexon.com/s2/game/fc/online/obt/externalAssets/new/card/tki.png
201,NHD,National Hero Debut,https://ssl.nexon.com/s2/game/fc/online/obt/externalAssets/new/season/nhd.png,https://ssl.nexon.com/s2/game/fc/online/obt/externalAssets/new/season/nhd_big.png,https://ssl.nexon.com/s2/game/fc/online/obt/externalAssets/new/card/nhd.png
854,26TOTY,26 Team Of The Year,https://ssl.nexon.com/s2/game/fc/online/obt/externalAssets/new/season/26toty.png,https://ssl.nexon.com/s2/game/fc/online/obt/externalAssets/new/season/26toty_big.png,https://ssl.nexon.com/s2/game/fc/online/obt/externalAssets/new/card/26toty.png
855,26TOTN,26 Team Of The Nominated,https://ssl.nexon.com/s2/game/fc/online/obt/externalAssets/new/season/26totn.png,https://ssl.nexon.com/s2/game/fc/online/obt/externalAssets/new/season/26totn_big.png,https://ssl.nexon.com/s2/game/fc/online/obt/externalAssets/new/card/26totn.png
831,25TOTY,25 Team Of The Year,https://ssl.nexon.com/s2/game/fc/online/obt/externalAssets/new/season/25toty.png,https://ssl.nexon.com/s2/game/fc/online/obt/externalAssets/new/season/25toty_big.png,https://ssl.nexon.com/s2/game/fc/online/obt/externalAssets/new/card/25toty.png
832,25TOTN,25 Team Of The Nominated,https://ssl.nexon.com/s2/game/fc/online/obt/externalAssets/new/season/25totn.png,https://ssl.nexon.com/s2/game/fc/online/obt/externalAssets/new/season/25totn_big.png,https://ssl.nexon.com/s2/game/fc/online/obt/externalAssets/new/card/25totn.png
807,24TOTY,24 Team Of The Year,https://ssl.nexon.com/s2/game/fc/online/obt/externalAssets/new/season/24toty.png,https://ssl.nexon.com/s2/game/fc/online/obt/externalAssets/new/season/24toty_big.png,https://ssl.nexon.com/s2/game/fc/online/obt/externalAssets/new/card/24toty.png
808,24TOTN,24 Team Of The Nominated,https://ssl.nexon.com/s2/game/fc/online/obt/externalAssets/new/season/24totn.png,https://ssl.nexon.com/s2/game/fc/online/obt/externalAssets/new/season/24totn_big.png,https://ssl.nexon.com/s2/game/fc/online/obt/externalAssets/new/card/24totn.png
278,23TOTY,23 Team Of The Year,https://ssl.nexon.com/s2/game/fc/online/obt/externalAssets/new/season/23toty.png,https://ssl.nexon.com/s2/game/fc/online/obt/externalAssets/new/season/23toty_big.png,https://ssl.nexon.com/s2/game/fc/online/obt/externalAssets/new/card/23toty.png
279,23TOTN,23 Team Of The Nominated,https://ssl.nexon.com/s2/game/fc/online/obt/externalAssets/new/season/23totn.png,https://ssl.nexon.com/s2/game/fc/online/obt/externalAssets/new/season/23totn_big.png,https://ssl.nexon.com/s2/game/fc/online/obt/externalAssets/new/card/23totn.png
258,22TOTY,22 Team Of The Year,https://ssl.nexon.com/s2/game/fc/online/obt/externalAssets/new/season/22toty.png,https://ssl.nexon.com/s2/game/fc/online/obt/externalAssets/new/season/22toty_big.png,https://ssl.nexon.com/s2/game/fc/online/obt/externalAssets/new/card/22toty.png
259,22TOTN,22 Team Of The Nominated,https://ssl.nexon.com/s2/game/fc/online/obt/externalAssets/new/season/22totn.png,https://ssl.nexon.com/s2/game/fc/online/obt/externalAssets/new/season/22totn_big.png,https://ssl.nexon.com/s2/game/fc/online/obt/externalAssets/new/card/22totn.png
240,21TOTY,21 Team Of The Year,https://ssl.nexon.com/s2/game/fc/online/obt/externalAssets/new/season/21toty.png,https://ssl.nexon.com/s2/game/fc/online/obt/externalAssets/new/season/21toty_big.png,https://ssl.nexon.com/s2/game/fc/online/obt/externalAssets/new/card/21toty.png
241,21TOTN,21 Team Of The Nominated,https://ssl.nexon.com/s2/game/fc/online/obt/externalAssets/new/season/21totn.png,https://ssl.nexon.com/s2/game/fc/online/obt/externalAssets/new/season/21totn_big.png,https://ssl.nexon.com/s2/game/fc/online/obt/externalAssets/new/card/21totn.png
220,20TOTY,20 Team Of The Year,https://ssl.nexon.com/s2/game/fc/online/obt/externalAssets/new/season/20toty.png,https://ssl.nexon.com/s2/game/fc/online/obt/externalAssets/new/season/20toty_big.png,https://ssl.nexon.com/s2/game/fc/online/obt/externalAssets/new/card/20toty.png
222,20TOTN,20 Team Of The Nominated,https://ssl.nexon.com/s2/game/fc/online/obt/externalAssets/new/season/20totn.png,https://ssl.nexon.com/s2/game/fc/online/obt/externalAssets/new/season/20totn_big.png,https://ssl.nexon.com/s2/game/fc/online/obt/externalAssets/new/card/20totn.png
211,19TOTY,19 Team Of The Year,https://ssl.nexon.com/s2/game/fc/online/obt/externalAssets/new/season/19toty.png,https://ssl.nexon.com/s2/game/fc/online/obt/externalAssets/new/season/19toty_big.png,https://ssl.nexon.com/s2/game/fc/online/obt/externalAssets/new/card/19toty.png
212,18TOTY,18 Team Of The Year,https://ssl.nexon.com/s2/game/fc/online/obt/externalAssets/new/season/18toty.png,https://ssl.nexon.com/s2/game/fc/online/obt/externalAssets/new/season/18toty_big.png,https://ssl.nexon.com/s2/game/fc/online/obt/externalAssets/new/card/18toty.png
844,25TOTS,25 Team Of The Season,https://ssl.nexon.com/s2/game/fc/online/obt/externalAssets/new/season/25tots.png,https://ssl.nexon.com/s2/game/fc/online/obt/externalAssets/new/season/25tots_big.png,https://ssl.nexon.com/s2/game/fc/online/obt/externalAssets/new/card/25tots.png
820,24TOTS,24 Team Of The Season,https://ssl.nexon.com/s2/game/fc/online/obt/externalAssets/new/season/24tots.png,https://ssl.nexon.com/s2/game/fc/online/obt/externalAssets/new/season/24tots_big.png,https://ssl.nexon.com/s2/game/fc/online/obt/externalAssets/new/card/24tots.png
287,23TOTS,23 Team Of The Season,https://ssl.nexon.com/s2/game/fc/online/obt/externalAssets/new/season/23tots.png,https://ssl.nexon.com/s2/game/fc/online/obt/externalAssets/new/season/23tots_big.png,https://ssl.nexon.com/s2/game/fc/online/obt/externalAssets/new/card/23tots.png
267,22TOTS,22 Team Of The Season,https://ssl.nexon.com/s2/game/fc/online/obt/externalAssets/new/season/22tots.png,https://ssl.nexon.com/s2/game/fc/online/obt/externalAssets/new/season/22tots_big.png,https://ssl.nexon.com/s2/game/fc/online/obt/externalAssets/new/card/22tots.png
250,21TOTS,21 Team Of The Season,https://ssl.nexon.com/s2/game/fc/online/obt/externalAssets/new/season/21tots.png,https://ssl.nexon.com/s2/game/fc/online/obt/externalAssets/new/season/21tots_big.png,https://ssl.nexon.com/s2/game/fc/online/obt/externalAssets/new/card/21tots.png
230,20TOTS,20 Team Of The Season,https://ssl.nexon.com/s2/game/fc/online/obt/externalAssets/new/season/20tots.png,https://ssl.nexon.com/s2/game/fc/online/obt/externalAssets/new/season/20tots_big.png,https://ssl.nexon.com/s2/game/fc/online/obt/externalAssets/new/card/20tots.png
215,19TOTS,19 Team Of The Season,https://ssl.nexon.com/s2/game/fc/online/obt/externalAssets/new/season/19tots.png,https://ssl.nexon.com/s2/game/fc/online/obt/externalAssets/new/season/19tots_big.png,https://ssl.nexon.com/s2/game/fc/online/obt/externalAssets/new/card/19tots.png
856,25UCL,25 UEFA Champions League,https://ssl.nexon.com/s2/game/fc/online/obt/externalAssets/new/season/25ucl.png,https://ssl.nexon.com/s2/game/fc/online/obt/externalAssets/new/season/25ucl_big.png,https://ssl.nexon.com/s2/game/fc/online/obt/externalAssets/new/card/25ucl.png
834,24UCL,24 UEFA Champions League,https://ssl.nexon.com/s2/game/fc/online/obt/externalAssets/new/season/24ucl.png,https://ssl.nexon.com/s2/game/fc/online/obt/externalAssets/new/season/24ucl_big.png,https://ssl.nexon.com/s2/game/fc/online/obt/externalAssets/new/card/24ucl.png
810,23UCL,23 UEFA Champions League,https://ssl.nexon.com/s2/game/fc/online/obt/externalAssets/new/season/23ucl.png,https://ssl.nexon.com/s2/game/fc/online/obt/externalAssets/new/season/23ucl_big.png,https://ssl.nexon.com/s2/game/fc/online/obt/externalAssets/new/card/23ucl.png
280,22UCL,22 UEFA Champions League,https://ssl.nexon.com/s2/game/fc/online/obt/externalAssets/new/season/22ucl.png,https://ssl.nexon.com/s2/game/fc/online/obt/externalAssets/new/season/22ucl_big.png,https://ssl.nexon.com/s2/game/fc/online/obt/externalAssets/new/card/22ucl.png
260,21UCL,21 UEFA Champions League,https://ssl.nexon.com/s2/game/fc/online/obt/externalAssets/new/season/21ucl.png,https://ssl.nexon.com/s2/game/fc/online/obt/externalAssets/new/season/21ucl_big.png,https://ssl.nexon.com/s2/game/fc/online/obt/externalAssets/new/card/21ucl.png
242,20UCL,20 UEFA Champions League,https://ssl.nexon.com/s2/game/fc/online/obt/externalAssets/new/season/20ucl.png,https://ssl.nexon.com/s2/game/fc/online/obt/externalAssets/new/season/20ucl_big.png,https://ssl.nexon.com/s2/game/fc/online/obt/externalAssets/new/card/20ucl.png
221,19UCL,19 UEFA Champions League,https://ssl.nexon.com/s2/game/fc/online/obt/externalAssets/new/season/19ucl.png,https://ssl.nexon.com/s2/game/fc/online/obt/externalAssets/new/season/19ucl_big.png,https://ssl.nexon.com/s2/game/fc/online/obt/externalAssets/new/card/19ucl.png
234,LH,Loyal Heroes,https://ssl.nexon.com/s2/game/fc/online/obt/externalAssets/new/season/lh.png,https://ssl.nexon.com/s2/game/fc/online/obt/externalAssets/new/season/lh_big.png,https://ssl.nexon.com/s2/game/fc/online/obt/externalAssets/new/card/lh.png
225,TKL,TEAM K LEAGUE,https://ssl.nexon.com/s2/game/fc/online/obt/externalAssets/new/season/tkl.png,https://ssl.nexon.com/s2/game/fc/online/obt/externalAssets/new/season/tkl_big.png,https://ssl.nexon.com/s2/game/fc/online/obt/externalAssets/new/card/tkl.png
806,23KFA,23 KFA,https://ssl.nexon.com/s2/game/fc/online/obt/externalAssets/new/season/23kfa.png,https://ssl.nexon.com/s2/game/fc/online/obt/externalAssets/new/season/23kfa_big.png,https://ssl.nexon.com/s2/game/fc/online/obt/externalAssets/new/card/23kfa.png
293,22KFA,22 KFA,https://ssl.nexon.com/s2/game/fc/online/obt/externalAssets/new/season/22kfa.png,https://ssl.nexon.com/s2/game/fc/online/obt/externalAssets/new/season/22kfa_big.png,https://ssl.nexon.com/s2/game/fc/online/obt/externalAssets/new/card/22kfa.png
294,21KFA,21 KFA,https://ssl.nexon.com/s2/game/fc/online/obt/externalAssets/new/season/21kfa.png,https://ssl.nexon.com/s2/game/fc/online/obt/externalAssets/new/season/21kfa_big.png,https://ssl.nexon.com/s2/game/fc/online/obt/externalAssets/new/card/21kfa.png
295,2019KFA,19 KFA,https://ssl.nexon.com/s2/game/fc/online/obt/externalAssets/new/season/2019kfa.png,https://ssl.nexon.com/s2/game/fc/online/obt/externalAssets/new/season/2019kfa_big.png,https://ssl.nexon.com/s2/game/fc/online/obt/externalAssets/new/card/2019kfa.png
298,KFA,18 KFA,https://ssl.nexon.com/s2/game/fc/online/obt/externalAssets/new/season/kfa.png,https://ssl.nexon.com/s2/game/fc/online/obt/externalAssets/new/season/kfa_big.png,https://ssl.nexon.com/s2/game/fc/online/obt/externalAssets/new/card/kfa.png
297,MCFC,17-18 Man City Champions,https://ssl.nexon.com/s2/game/fc/online/obt/externalAssets/new/season/mcfc.png,https://ssl.nexon.com/s2/game/fc/online/obt/externalAssets/new/season/mcfc_big.png,https://ssl.nexon.com/s2/game/fc/online/obt/externalAssets/new/card/mcfc.png
247,2012KH,2012 KH,https://ssl.nexon.com/s2/game/fc/online/obt/externalAssets/new/season/2012kh.png,https://ssl.nexon.com/s2/game/fc/online/obt/externalAssets/new/season/2012kh_big.png,https://ssl.nexon.com/s2/game/fc/online/obt/externalAssets/new/card/2012kh.png
516,25KL,25KLeague,https://ssl.nexon.com/s2/game/fc/online/obt/externalAssets/new/season/25kl.png,https://ssl.nexon.com/s2/game/fc/online/obt/externalAssets/new/season/25kl_big.png,https://ssl.nexon.com/s2/game/fc/online/obt/externalAssets/new/card/25kl.png
514,24KL,24KLeague,https://ssl.nexon.com/s2/game/fc/online/obt/externalAssets/new/season/24kl.png,https://ssl.nexon.com/s2/game/fc/online/obt/externalAssets/new/season/24kl_big.png,https://ssl.nexon.com/s2/game/fc/online/obt/externalAssets/new/card/24kl.png
512,23KL,23KLeague,https://ssl.nexon.com/s2/game/fc/online/obt/externalAssets/new/season/23kl.png,https://ssl.nexon.com/s2/game/fc/online/obt/externalAssets/new/season/23kl_big.png,https://ssl.nexon.com/s2/game/fc/online/obt/externalAssets/new/card/23kl.png
510,22KL,22KLeague,https://ssl.nexon.com/s2/game/fc/online/obt/externalAssets/new/season/22kl.png,https://ssl.nexon.com/s2/game/fc/online/obt/externalAssets/new/season/22kl_big.png,https://ssl.nexon.com/s2/game/fc/online/obt/externalAssets/new/card/22kl.png
507,21KL,21KLeague,https://ssl.nexon.com/s2/game/fc/online/obt/externalAssets/new/season/21kl.png,https://ssl.nexon.com/s2/game/fc/online/obt/externalAssets/new/season/21kl_big.png,https://ssl.nexon.com/s2/game/fc/online/obt/externalAssets/new/card/21kl.png
504,20KL,20KLeague,https://ssl.nexon.com/s2/game/fc/online/obt/externalAssets/new/season/20kl.png,https://ssl.nexon.com/s2/game/fc/online/obt/externalAssets/new/season/20kl_big.png,https://ssl.nexon.com/s2/game/fc/online/obt/externalAssets/new/card/20kl.png
853,25KB,25 K-League Best,https://ssl.nexon.com/s2/game/fc/online/obt/externalAssets/new/season/25kb.png,https://ssl.nexon.com/s2/game/fc/online/obt/externalAssets/new/season/25kb_big.png,https://ssl.nexon.com/s2/game/fc/online/obt/externalAssets/new/card/25kb.png
830,24KLB,24 K-League Best,https://ssl.nexon.com/s2/game/fc/online/obt/externalAssets/new/season/24klb.png,https://ssl.nexon.com/s2/game/fc/online/obt/externalAssets/new/season/24klb_big.png,https://ssl.nexon.com/s2/game/fc/online/obt/externalAssets/new/card/24klb.png
805,23KLB,23 K-League Best,https://ssl.nexon.com/s2/game/fc/online/obt/externalAssets/new/season/23klb.png,https://ssl.nexon.com/s2/game/fc/online/obt/externalAssets/new/season/23klb_big.png,https://ssl.nexon.com/s2/game/fc/online/obt/externalAssets/new/card/23klb.png
277,22KLB,22 K-League Best,https://ssl.nexon.com/s2/game/fc/online/obt/externalAssets/new/season/22klb.png,https://ssl.nexon.com/s2/game/fc/online/obt/externalAssets/new/season/22klb_big.png,https://ssl.nexon.com/s2/game/fc/online/obt/externalAssets/new/card/22klb.png
257,21KLB,21 K-League Best,https://ssl.nexon.com/s2/game/fc/online/obt/externalAssets/new/season/21klb.png,https://ssl.nexon.com/s2/game/fc/online/obt/externalAssets/new/season/21klb_big.png,https://ssl.nexon.com/s2/game/fc/online/obt/externalAssets/new/card/21klb.png
239,20KLB,20 K-League Best,https://ssl.nexon.com/s2/game/fc/online/obt/externalAssets/new/season/20klb.png,https://ssl.nexon.com/s2/game/fc/online/obt/externalAssets/new/season/20klb_big.png,https://ssl.nexon.com/s2/game/fc/online/obt/externalAssets/new/card/20klb.png
517,25PLA,25 Premium Live,https://ssl.nexon.com/s2/game/fc/online/obt/externalAssets/new/season/25pla.png,https://ssl.nexon.com/s2/game/fc/online/obt/externalAssets/new/season/25pla_big.png,https://ssl.nexon.com/s2/game/fc/online/obt/externalAssets/new/card/25pla.png
515,24PLA,24 Premium Live,https://ssl.nexon.com/s2/game/fc/online/obt/externalAssets/new/season/24pla.png,https://ssl.nexon.com/s2/game/fc/online/obt/externalAssets/new/season/24pla_big.png,https://ssl.nexon.com/s2/game/fc/online/obt/externalAssets/new/card/24pla.png
513,23PLA,23 Premium Live,https://ssl.nexon.com/s2/game/fc/online/obt/externalAssets/new/season/23pla.png,https://ssl.nexon.com/s2/game/fc/online/obt/externalAssets/new/season/23pla_big.png,https://ssl.nexon.com/s2/game/fc/online/obt/externalAssets/new/card/23pla.png
511,22PLA,22 Premium Live,https://ssl.nexon.com/s2/game/fc/online/obt/externalAssets/new/season/22pla.png,https://ssl.nexon.com/s2/game/fc/online/obt/externalAssets/new/season/22pla_big.png,https://ssl.nexon.com/s2/game/fc/online/obt/externalAssets/new/card/22pla.png
508,21PLA,21 Premium Live,https://ssl.nexon.com/s2/game/fc/online/obt/externalAssets/new/season/21pla.png,https://ssl.nexon.com/s2/game/fc/online/obt/externalAssets/new/season/21pla_big.png,https://ssl.nexon.com/s2/game/fc/online/obt/externalAssets/new/card/21pla.png
506,20PLA,20 Premium Live,https://ssl.nexon.com/s2/game/fc/online/obt/externalAssets/new/season/20pla.png,https://ssl.nexon.com/s2/game/fc/online/obt/externalAssets/new/season/20pla_big.png,https://ssl.nexon.com/s2/game/fc/online/obt/externalAssets/new/card/20pla.png
503,19PLS,19 Premium Live Spring,https://ssl.nexon.com/s2/game/fc/online/obt/externalAssets/new/season/19pls.png,https://ssl.nexon.com/s2/game/fc/online/obt/externalAssets/new/season/19pls_big.png,https://ssl.nexon.com/s2/game/fc/online/obt/externalAssets/new/card/19pls.png
502,19PLA,19 Premium Live Autumn,https://ssl.nexon.com/s2/game/fc/online/obt/externalAssets/new/season/19pla.png,https://ssl.nexon.com/s2/game/fc/online/obt/externalAssets/new/season/19pla_big.png,https://ssl.nexon.com/s2/game/fc/online/obt/externalAssets/new/card/19pla.png
501,18PLS,18 Premium Live Spring,https://ssl.nexon.com/s2/game/fc/online/obt/externalAssets/new/season/18pls.png,https://ssl.nexon.com/s2/game/fc/online/obt/externalAssets/new/season/18pls_big.png,https://ssl.nexon.com/s2/game/fc/online/obt/externalAssets/new/card/18pls.png
500,PLC,18 Premium Live Autumn,https://ssl.nexon.com/s2/game/fc/online/obt/externalAssets/new/season/plc.png,https://ssl.nexon.com/s2/game/fc/online/obt/externalAssets/new/season/plc_big.png,https://ssl.nexon.com/s2/game/fc/online/obt/externalAssets/new/card/plc.png
300,LIVE,25 LIVE,https://ssl.nexon.com/s2/game/fc/online/obt/externalAssets/new/season/live.png,https://ssl.nexon.com/s2/game/fc/online/obt/externalAssets/new/season/live_big.png,https://ssl.nexon.com/s2/game/fc/online/obt/externalAssets/new/card/live.png
324,24,24 LIVE,https://ssl.nexon.com/s2/game/fc/online/obt/externalAssets/new/season/24.png,https://ssl.nexon.com/s2/game/fc/online/obt/externalAssets/new/season/24_big.png,https://ssl.nexon.com/s2/game/fc/online/obt/externalAssets/new/card/24.png
323,23,23 LIVE,https://ssl.nexon.com/s2/game/fc/online/obt/externalAssets/new/season/23.png,https://ssl.nexon.com/s2/game/fc/online/obt/externalAssets/new/season/23_big.png,https://ssl.nexon.com/s2/game/fc/online/obt/externalAssets/new/card/23.png
322,22,22 LIVE,https://ssl.nexon.com/s2/game/fc/online/obt/externalAssets/new/season/22.png,https://ssl.nexon.com/s2/game/fc/online/obt/externalAssets/new/season/22_big.png,https://ssl.nexon.com/s2/game/fc/online/obt/externalAssets/new/card/22.png
321,21,21 LIVE,https://ssl.nexon.com/s2/game/fc/online/obt/externalAssets/new/season/21.png,https://ssl.nexon.com/s2/game/fc/online/obt/externalAssets/new/season/21_big.png,https://ssl.nexon.com/s2/game/fc/online/obt/externalAssets/new/card/21.png
320,20,20 LIVE,https://ssl.nexon.com/s2/game/fc/online/obt/externalAssets/new/season/20.png,https://ssl.nexon.com/s2/game/fc/online/obt/externalAssets/new/season/20_big.png,https://ssl.nexon.com/s2/game/fc/online/obt/externalAssets/new/card/20.png
319,19,19 LIVE,https://ssl.nexon.com/s2/game/fc/online/obt/externalAssets/new/season/19.png,https://ssl.nexon.com/s2/game/fc/online/obt/externalAssets/new/season/19_big.png,https://ssl.nexon.com/s2/game/fc/online/obt/externalAssets/new/card/19.png
318,18,18 LIVE,https://ssl.nexon.com/s2/game/fc/online/obt/externalAssets/new/season/18.png,https://ssl.nexon.com/s2/game/fc/online/obt/externalAssets/new/season/18_big.png,https://ssl.nexon.com/s2/game/fc/online/obt/externalAssets/new/card/18.png
317,17,17 LIVE,https://ssl.nexon.com/s2/game/fc/online/obt/externalAssets/new/season/17.png,https://ssl.nexon.com/s2/game/fc/online/obt/externalAssets/new/season/17_big.png,https://ssl.nexon.com/s2/game/fc/online/obt/externalAssets/new/card/17.png
812,LKI,LKI,https://ssl.nexon.com/s2/game/fc/online/obt/externalAssets/new/season/lki.png,https://ssl.nexon.com/s2/game/fc/online/obt/externalAssets/new/season/lki_big.png,https://ssl.nexon.com/s2/game/fc/online/obt/externalAssets/new/card/lki.png
